MESH:C538544,MESH:D008105,MESH:D002780,MESH:D002779,MESH:D001649,MESH:D001660,MESH:D004066,MESH:C,MESH:D008103,MESH:D005355,MESH:D010335,MESH:D013568,MESH:D008107,,,,,,,,,,,,,,,,,
MESH:D000071057,MESH:D004409,MESH:D020258,MESH:D011041,MESH:D064419,MESH:C,MESH:D020820,MESH:D009461,MESH:D012816,MESH:D013568,MESH:D009422,MESH:D009069,MESH:D002493,MESH:D064420,,,,,,,,,,,,,,,,
MESH:D000072716,MESH:D010146,MESH:D009461,MESH:D009422,MESH:C,MESH:D012816,MESH:D013568,,,,,,,,,,,,,,,,,,,,,,,
MESH:D000077216,MESH:D010051,MESH:D005833,MESH:D014565,MESH:D000091642,MESH:C,MESH:D052776,MESH:D005261,MESH:D010049,MESH:D000291,MESH:D005831,MESH:D000091662,MESH:D006058,MESH:D004700,MESH:D002277,MESH:D009375,MESH:D009370,MESH:D009369,MESH:D004701,MESH:D009371,MESH:D052801,,,,,,,,,
MESH:D000077274,MESH:D009303,MESH:D009302,MESH:D010608,MESH:D009057,MESH:C,MESH:D010038,MESH:D010610,MESH:D010039,MESH:D006258,MESH:D009371,MESH:D009369,MESH:D002277,MESH:D009375,MESH:D009370,,,,,,,,,,,,,,,
MESH:D000083242,MESH:D020521,MESH:D002561,MESH:D014652,MESH:D002318,MESH:C,MESH:D001927,MESH:D002493,MESH:D009422,,,,,,,,,,,,,,,,,,,,,
MESH:D000152,MESH:D012625,MESH:D012871,MESH:D017437,MESH:C,MESH:D017486,,,,,,,,,,,,,,,,,,,,,,,,
MESH:D000224,MESH:D000309,MESH:D000307,MESH:D004700,MESH:C,MESH:D001327,MESH:D007154,,,,,,,,,,,,,,,,,,,,,,,
MESH:D000230,MESH:D002277,MESH:D009375,MESH:D009370,MESH:D009369,MESH:C,,,,,,,,,,,,,,,,,,,,,,,,
MESH:D000236,MESH:D009375,MESH:D009370,MESH:D009369,MESH:C,,,,,,,,,,,,,,,,,,,,,,,,,
MESH:D000326,MESH:D038901,MESH:D008607,MESH:D065886,MESH:D001523,MESH:C,MESH:D020739,MESH:D001928,MESH:D001927,MESH:D002493,MESH:D009422,MESH:D020271,MESH:D030342,MESH:D009358,MESH:D018901,MESH:D008661,MESH:D019954,MESH:D009461,MESH:D020279,MESH:D008659,MESH:D009750,MESH:D019636,MESH:D056784,MESH:D003711,MESH:D040181,MESH:D012816,MESH:D013568,MESH:D000309,MESH:D000307,MESH:D004700
MESH:D000505,MESH:D007039,MESH:D006201,MESH:D012871,MESH:D017437,MESH:C,MESH:D020763,MESH:D013568,,,,,,,,,,,,,,,,,,,,,,
MESH:D000532,MESH:D012120,MESH:D012140,MESH:C,,,,,,,,,,,,,,,,,,,,,,,,,,
MESH:D000544,MESH:D003704,MESH:D019965,MESH:D001523,MESH:C,MESH:D024801,MESH:D019636,MESH:D009422,MESH:D001927,MESH:D002493,,,,,,,,,,,,,,,,,,,,
MESH:D000686,MESH:D057165,MESH:D008659,MESH:D009750,MESH:C,,,,,,,,,,,,,,,,,,,,,,,,,
MESH:D000690,MESH:D013118,MESH:D002493,MESH:D009422,MESH:C,MESH:D057177,MESH:D057165,MESH:D008659,MESH:D009750,MESH:D016472,MESH:D019636,MESH:D009468,,,,,,,,,,,,,,,,,,
MESH:D000740,MESH:D006402,MESH:D006425,MESH:C,,,,,,,,,,,,,,,,,,,,,,,,,,
MESH:D000783,MESH:D014652,MESH:D002318,MESH:C,,,,,,,,,,,,,,,,,,,,,,,,,,
MESH:D000787,MESH:D002637,MESH:D010146,MESH:D009461,MESH:D012816,MESH:D013568,MESH:C,MESH:D017202,MESH:D014652,MESH:D002318,MESH:D006331,MESH:D009422,,,,,,,,,,,,,,,,,,
MESH:D000860,MESH:D012818,MESH:D012816,MESH:D013568,MESH:C,,,,,,,,,,,,,,,,,,,,,,,,,
MESH:D001008,MESH:D001523,MESH:C,,,,,,,,,,,,,,,,,,,,,,,,,,,
MESH:D001014,MESH:D000783,MESH:D014652,MESH:D002318,MESH:C,MESH:D001018,,,,,,,,,,,,,,,,,,,,,,,,
MESH:D001018,MESH:D014652,MESH:D002318,MESH:C,,,,,,,,,,,,,,,,,,,,,,,,,,
MESH:D001019,MESH:D017542,MESH:D000783,MESH:D014652,MESH:D002318,MESH:C,MESH:D012421,MESH:D014947,MESH:D001014,MESH:D001018,,,,,,,,,,,,,,,,,,,,
MESH:D001024,MESH:D000082862,MESH:D006349,MESH:D006331,MESH:D002318,MESH:C,MESH:D014694,,,,,,,,,,,,,,,,,,,,,,,
MESH:D001164,MESH:D001165,MESH:D054079,MESH:D018376,MESH:D002318,MESH:C,MESH:D000013,MESH:D009358,MESH:D016157,MESH:D005402,MESH:D020763,MESH:D013568,MESH:D014652,,,,,,,,,,,,,,,,,
MESH:D001167,MESH:D014657,MESH:D014652,MESH:D002318,MESH:C,,,,,,,,,,,,,,,,,,,,,,,,,
MESH:D001168,MESH:D007592,MESH:D009140,MESH:C,,,,,,,,,,,,,,,,,,,,,,,,,,
MESH:D001169,MESH:D001168,MESH:D007592,MESH:D009140,MESH:C,,,,,,,,,,,,,,,,,,,,,,,,,
MESH:D001172,MESH:D001327,MESH:D007154,MESH:C,MESH:D012216,MESH:D009140,MESH:D003240,MESH:D017437,MESH:D001168,MESH:D007592,,,,,,,,,,,,,,,,,,,,
MESH:D001201,MESH:D010335,MESH:D013568,MESH:C,,,,,,,,,,,,,,,,,,,,,,,,,,
MESH:D001249,MESH:D008173,MESH:D008171,MESH:D012140,MESH:C,MESH:D012130,MESH:D006969,MESH:D006967,MESH:D007154,MESH:D001982,,,,,,,,,,,,,,,,,,,,
MESH:D001254,MESH:D005910,MESH:D018302,MESH:D017599,MESH:D009380,MESH:D009370,MESH:D009369,MESH:C,MESH:D009373,MESH:D009375,,,,,,,,,,,,,,,,,,,,
MESH:D001281,MESH:D001145,MESH:D010335,MESH:D013568,MESH:C,MESH:D006331,MESH:D002318,,,,,,,,,,,,,,,,,,,,,,,
MESH:D001289,MESH:D019958,MESH:D065886,MESH:D001523,MESH:C,,,,,,,,,,,,,,,,,,,,,,,,,
MESH:D001321,MESH:D000067877,MESH:D002659,MESH:D065886,MESH:D001523,MESH:C,,,,,,,,,,,,,,,,,,,,,,,,
MESH:D001327,MESH:D007154,MESH:C,,,,,,,,,,,,,,,,,,,,,,,,,,,
MESH:D001523,MESH:C,,,,,,,,,,,,,,,,,,,,,,,,,,,,
MESH:D001528,MESH:D009059,MESH:D009057,MESH:C,MESH:D017445,MESH:D012871,MESH:D017437,MESH:D014657,MESH:D014652,MESH:D002318,MESH:D056660,MESH:D030342,MESH:D009358,MESH:D012873,MESH:D014606,MESH:D015864,MESH:D014605,MESH:D014603,MESH:D005128,,,,,,,,,,,
MESH:D001650,MESH:D001661,MESH:D004067,MESH:D004066,MESH:C,MESH:D009371,MESH:D009369,MESH:D001649,MESH:D001660,,,,,,,,,,,,,,,,,,,,,
MESH:D001714,MESH:D000068105,MESH:D019964,MESH:D001523,MESH:C,,,,,,,,,,,,,,,,,,,,,,,,,
MESH:D001724,MESH:D001835,MESH:D012816,MESH:D013568,MESH:C,,,,,,,,,,,,,,,,,,,,,,,,,
MESH:D001766,MESH:D014786,MESH:D012678,MESH:D009461,MESH:D009422,MESH:C,MESH:D005128,MESH:D012816,MESH:D013568,,,,,,,,,,,,,,,,,,,,,
MESH:D001859,MESH:D009371,MESH:D009369,MESH:C,MESH:D001847,MESH:D009140,,,,,,,,,,,,,,,,,,,,,,,,
MESH:D001862,MESH:D001847,MESH:D009140,MESH:C,,,,,,,,,,,,,,,,,,,,,,,,,,
MESH:D001929,MESH:D001927,MESH:D002493,MESH:D009422,MESH:C,,,,,,,,,,,,,,,,,,,,,,,,,
MESH:D001932,MESH:D001927,MESH:D002493,MESH:D009422,MESH:C,MESH:D016543,MESH:D009423,MESH:D009371,MESH:D009369,,,,,,,,,,,,,,,,,,,,,
MESH:D001943,MESH:D009371,MESH:D009369,MESH:C,MESH:D001941,MESH:D012871,MESH:D017437,,,,,,,,,,,,,,,,,,,,,,,
MESH:D002006,MESH:D016905,MESH:D001424,MESH:D001423,MESH:D007239,MESH:C,,,,,,,,,,,,,,,,,,,,,,,,
MESH:D002051,MESH:D016393,MESH:D008228,MESH:D008223,MESH:D008232,MESH:D008206,MESH:D006425,MESH:C,MESH:D020031,MESH:D014412,MESH:D014777,MESH:D007239,MESH:D006566,MESH:D004266,MESH:D009370,MESH:D009369,MESH:D007160,MESH:D007154,,,,,,,,,,,,
MESH:D002100,MESH:D013851,MESH:D001835,MESH:D012816,MESH:D013568,MESH:C,MESH:D015431,MESH:D001836,,,,,,,,,,,,,,,,,,,,,,
MESH:D002114,MESH:D002128,MESH:D008659,MESH:D009750,MESH:C,,,,,,,,,,,,,,,,,,,,,,,,,
MESH:D002177,MESH:D009181,MESH:D001423,MESH:D007239,MESH:C,,,,,,,,,,,,,,,,,,,,,,,,,
MESH:D002189,MESH:D019966,MESH:D001523,MESH:C,MESH:D064419,,,,,,,,,,,,,,,,,,,,,,,,,
MESH:D002277,MESH:D009375,MESH:D009370,MESH:D009369,MESH:C,,,,,,,,,,,,,,,,,,,,,,,,,
MESH:D002286,MESH:D009374,MESH:D009369,MESH:C,MESH:D002277,MESH:D009375,MESH:D009370,,,,,,,,,,,,,,,,,,,,,,,
MESH:D002289,MESH:D002283,MESH:D001984,MESH:D001982,MESH:D012140,MESH:C,MESH:D008175,MESH:D012142,MESH:D008171,MESH:D013899,MESH:D009371,MESH:D009369,,,,,,,,,,,,,,,,,,
MESH:D002291,MESH:D018307,MESH:D009375,MESH:D009370,MESH:D009369,MESH:C,MESH:D002277,,,,,,,,,,,,,,,,,,,,,,,
MESH:D002292,MESH:D007680,MESH:D007674,MESH:D014570,MESH:D052776,MESH:D005261,MESH:D000091642,MESH:C,MESH:D014571,MESH:D014565,MESH:D052801,MESH:D009371,MESH:D009369,MESH:D000230,MESH:D002277,MESH:D009375,MESH:D009370,,,,,,,,,,,,,
MESH:D002294,MESH:D002277,MESH:D009375,MESH:D009370,MESH:D009369,MESH:C,MESH:D018307,,,,,,,,,,,,,,,,,,,,,,,
MESH:D002295,MESH:D002277,MESH:D009375,MESH:D009370,MESH:D009369,MESH:C,,,,,,,,,,,,,,,,,,,,,,,,
MESH:D002311,MESH:D006332,MESH:D006331,MESH:D002318,MESH:C,MESH:D006984,MESH:D020763,MESH:D013568,MESH:D009202,MESH:D000083083,MESH:D030342,MESH:D009358,,,,,,,,,,,,,,,,,,
MESH:D002318,MESH:C,,,,,,,,,,,,,,,,,,,,,,,,,,,,
MESH:D002386,MESH:D007905,MESH:D005128,MESH:C,,,,,,,,,,,,,,,,,,,,,,,,,,
MESH:D002528,MESH:D015192,MESH:D001932,MESH:D016543,MESH:D009423,MESH:D009371,MESH:D009369,MESH:C,MESH:D009422,MESH:D002526,MESH:D001927,MESH:D002493,,,,,,,,,,,,,,,,,,
MESH:D002543,MESH:D020300,MESH:D006470,MESH:D010335,MESH:D013568,MESH:C,MESH:D002561,MESH:D014652,MESH:D002318,MESH:D001927,MESH:D002493,MESH:D009422,,,,,,,,,,,,,,,,,,
MESH:D002544,MESH:D020520,MESH:D007238,MESH:D007511,MESH:D010335,MESH:D013568,MESH:C,MESH:D002545,MESH:D002561,MESH:D014652,MESH:D002318,MESH:D009336,MESH:D001927,MESH:D002493,MESH:D009422,MESH:D020521,,,,,,,,,,,,,,
MESH:D002545,MESH:D002561,MESH:D014652,MESH:D002318,MESH:C,MESH:D001927,MESH:D002493,MESH:D009422,,,,,,,,,,,,,,,,,,,,,,
MESH:D002583,MESH:D014594,MESH:D014591,MESH:D005831,MESH:D000091662,MESH:D000091642,MESH:C,MESH:D005833,MESH:D014565,MESH:D052776,MESH:D005261,MESH:D002577,MESH:D052801,MESH:D009371,MESH:D009369,,,,,,,,,,,,,,,
MESH:D002598,MESH:D014355,MESH:D014352,MESH:D056986,MESH:D011528,MESH:D010272,MESH:D007239,MESH:C,MESH:D000079426,MESH:D009202,MESH:D006331,MESH:D002318,,,,,,,,,,,,,,,,,,
MESH:D002607,MESH:D015417,MESH:D020271,MESH:D019636,MESH:D009422,MESH:C,MESH:D011115,MESH:D010523,MESH:D009468,MESH:D009421,MESH:D030342,MESH:D009358,MESH:D000013,,,,,,,,,,,,,,,,,
MESH:D002659,MESH:D065886,MESH:D001523,MESH:C,,,,,,,,,,,,,,,,,,,,,,,,,,
MESH:D002779,MESH:D001649,MESH:D001660,MESH:D004066,MESH:C,,,,,,,,,,,,,,,,,,,,,,,,,
MESH:D002796,MESH:D014804,MESH:D001361,MESH:D003677,MESH:D044342,MESH:D009748,MESH:D009750,MESH:C,,,,,,,,,,,,,,,,,,,,,,
MESH:D002822,MESH:D014328,MESH:D009373,MESH:D009370,MESH:D009369,MESH:C,MESH:D011252,MESH:D000230,MESH:D002277,MESH:D009375,MESH:D011248,MESH:D005261,MESH:D000091642,,,,,,,,,,,,,,,,,
MESH:D003072,MESH:D019965,MESH:D001523,MESH:C,,,,,,,,,,,,,,,,,,,,,,,,,,
MESH:D003092,MESH:D003108,MESH:D007410,MESH:D005767,MESH:D004066,MESH:C,MESH:D005759,,,,,,,,,,,,,,,,,,,,,,,
MESH:D003110,MESH:D015179,MESH:D007414,MESH:D005770,MESH:D004067,MESH:D009371,MESH:D009369,MESH:C,MESH:D005767,MESH:D004066,MESH:D012002,MESH:D007410,MESH:D003108,,,,,,,,,,,,,,,,,
MESH:D003248,MESH:D012817,MESH:D012816,MESH:D013568,MESH:C,,,,,,,,,,,,,,,,,,,,,,,,,
MESH:D003324,MESH:D001161,MESH:D001157,MESH:D014652,MESH:D002318,MESH:C,MESH:D003327,MESH:D017202,MESH:D006331,,,,,,,,,,,,,,,,,,,,,
MESH:D003327,MESH:D017202,MESH:D006331,MESH:D002318,MESH:C,MESH:D014652,,,,,,,,,,,,,,,,,,,,,,,,
MESH:D003424,MESH:D015212,MESH:D007410,MESH:D005767,MESH:D004066,MESH:C,MESH:D005759,,,,,,,,,,,,,,,,,,,,,,,
MESH:D003550,MESH:D030342,MESH:D009358,MESH:C,MESH:D007232,MESH:D010182,MESH:D004066,MESH:D008171,MESH:D012140,,,,,,,,,,,,,,,,,,,,,
MESH:D003560,MESH:D009369,MESH:C,MESH:D020763,MESH:D013568,,,,,,,,,,,,,,,,,,,,,,,,,
MESH:D003586,MESH:D006566,MESH:D004266,MESH:D014777,MESH:D007239,MESH:C,,,,,,,,,,,,,,,,,,,,,,,,
MESH:D003668,MESH:D012883,MESH:D012871,MESH:D017437,MESH:C,,,,,,,,,,,,,,,,,,,,,,,,,
MESH:D003711,MESH:D009422,MESH:C,,,,,,,,,,,,,,,,,,,,,,,,,,,
MESH:D003866,MESH:D019964,MESH:D001523,MESH:C,,,,,,,,,,,,,,,,,,,,,,,,,,
MESH:D003872,MESH:D012871,MESH:D017437,MESH:C,,,,,,,,,,,,,,,,,,,,,,,,,,
MESH:D003920,MESH:D004700,MESH:C,MESH:D044882,MESH:D008659,MESH:D009750,,,,,,,,,,,,,,,,,,,,,,,,
MESH:D003921,MESH:D003920,MESH:D044882,MESH:D008659,MESH:D009750,MESH:C,MESH:D004700,,,,,,,,,,,,,,,,,,,,,,,
MESH:D003925,MESH:D048909,MESH:D003920,MESH:D044882,MESH:D008659,MESH:D009750,MESH:C,MESH:D014652,MESH:D002318,MESH:D004700,,,,,,,,,,,,,,,,,,,,
MESH:D003928,MESH:D007674,MESH:D014570,MESH:D000091642,MESH:C,MESH:D048909,MESH:D003920,MESH:D004700,MESH:D052776,MESH:D005261,MESH:D044882,MESH:D008659,MESH:D009750,MESH:D052801,,,,,,,,,,,,,,,,
MESH:D003930,MESH:D012164,MESH:D005128,MESH:C,MESH:D003925,MESH:D048909,MESH:D003920,MESH:D044882,MESH:D008659,MESH:D009750,MESH:D014652,MESH:D002318,MESH:D004700,,,,,,,,,,,,,,,,,
MESH:D003967,MESH:D012817,MESH:D012816,MESH:D013568,MESH:C,,,,,,,,,,,,,,,,,,,,,,,,,
MESH:D004314,MESH:D008607,MESH:D065886,MESH:D001523,MESH:C,MESH:D025063,MESH:D030342,MESH:D009358,MESH:D019954,MESH:D009461,MESH:D012816,MESH:D013568,MESH:D000015,MESH:D000013,MESH:D009422,,,,,,,,,,,,,,,
MESH:D004409,MESH:D020820,MESH:D009069,MESH:D002493,MESH:D009422,MESH:C,MESH:D064420,MESH:D064419,MESH:D009461,MESH:D012816,MESH:D013568,MESH:D020258,MESH:D011041,,,,,,,,,,,,,,,,,
MESH:D004487,MESH:D012816,MESH:D013568,MESH:C,,,,,,,,,,,,,,,,,,,,,,,,,,
MESH:D004660,MESH:D000090862,MESH:D009422,MESH:C,MESH:D007249,MESH:D010335,MESH:D013568,MESH:D001927,MESH:D002493,,,,,,,,,,,,,,,,,,,,,
MESH:D004714,MESH:D014591,MESH:D005831,MESH:D000091662,MESH:D000091642,MESH:C,MESH:D052776,MESH:D005261,,,,,,,,,,,,,,,,,,,,,,
MESH:D004715,MESH:D005831,MESH:D000091662,MESH:D000091642,MESH:C,MESH:D052776,MESH:D005261,,,,,,,,,,,,,,,,,,,,,,,
MESH:D004751,MESH:D007410,MESH:D005767,MESH:D004066,MESH:C,MESH:D005759,,,,,,,,,,,,,,,,,,,,,,,,
MESH:D004769,MESH:D010850,MESH:D012327,MESH:D014777,MESH:D007239,MESH:C,,,,,,,,,,,,,,,,,,,,,,,,
MESH:D004802,MESH:D007960,MESH:D006402,MESH:D006425,MESH:C,,,,,,,,,,,,,,,,,,,,,,,,,
MESH:D004827,MESH:D001927,MESH:D002493,MESH:D009422,MESH:C,,,,,,,,,,,,,,,,,,,,,,,,,
MESH:D004833,MESH:D000073376,MESH:D004827,MESH:D001927,MESH:D002493,MESH:D009422,MESH:C,MESH:D004828,,,,,,,,,,,,,,,,,,,,,,
MESH:D004890,MESH:D012871,MESH:D017437,MESH:C,MESH:D012877,MESH:D012816,MESH:D013568,,,,,,,,,,,,,,,,,,,,,,,
MESH:D004938,MESH:D005770,MESH:D005767,MESH:D004066,MESH:C,MESH:D004067,MESH:D006258,MESH:D009371,MESH:D009369,MESH:D004935,,,,,,,,,,,,,,,,,,,,
MESH:D004941,MESH:D005759,MESH:D005767,MESH:D004066,MESH:C,MESH:D004935,,,,,,,,,,,,,,,,,,,,,,,,
MESH:D005221,MESH:D012816,MESH:D013568,MESH:C,,,,,,,,,,,,,,,,,,,,,,,,,,
MESH:D005234,MESH:D008107,MESH:D004066,MESH:C,,,,,,,,,,,,,,,,,,,,,,,,,,
MESH:D005235,MESH:D008108,MESH:D020751,MESH:D019973,MESH:D019966,MESH:D064419,MESH:C,MESH:D005234,MESH:D008107,MESH:D004066,MESH:D001523,,,,,,,,,,,,,,,,,,,
MESH:D005355,MESH:D010335,MESH:D013568,MESH:C,,,,,,,,,,,,,,,,,,,,,,,,,,
MESH:D005600,MESH:D025064,MESH:D025063,MESH:D030342,MESH:D009358,MESH:C,MESH:D038901,MESH:D020271,MESH:D000013,MESH:D008607,MESH:D019954,MESH:D009461,MESH:D012816,MESH:D013568,MESH:D019636,MESH:D009422,MESH:D040181,MESH:D065886,MESH:D001523,,,,,,,,,,,
MESH:D005756,MESH:D013272,MESH:D005767,MESH:D004066,MESH:C,MESH:D005759,,,,,,,,,,,,,,,,,,,,,,,,
MESH:D005767,MESH:D004066,MESH:C,,,,,,,,,,,,,,,,,,,,,,,,,,,
MESH:D005770,MESH:D004067,MESH:D009371,MESH:D009369,MESH:C,MESH:D005767,MESH:D004066,,,,,,,,,,,,,,,,,,,,,,,
MESH:D005776,MESH:D013106,MESH:D008064,MESH:D008052,MESH:D008661,MESH:D030342,MESH:D009358,MESH:C,MESH:D052439,MESH:D008659,MESH:D009750,MESH:D020140,MESH:D020739,MESH:D001928,MESH:D001927,MESH:D002493,MESH:D009422,MESH:D016464,,,,,,,,,,,,
MESH:D005902,MESH:D005901,MESH:D009798,MESH:D005128,MESH:C,,,,,,,,,,,,,,,,,,,,,,,,,
MESH:D005909,MESH:D001254,MESH:D005910,MESH:D018302,MESH:D009375,MESH:D009370,MESH:D009369,MESH:C,MESH:D017599,MESH:D009373,MESH:D009380,,,,,,,,,,,,,,,,,,,
MESH:D005910,MESH:D018302,MESH:D017599,MESH:D009380,MESH:D009370,MESH:D009369,MESH:C,MESH:D009375,MESH:D009373,,,,,,,,,,,,,,,,,,,,,
MESH:D005921,MESH:D009393,MESH:D007674,MESH:D014570,MESH:D000091642,MESH:C,MESH:D052776,MESH:D005261,MESH:D052801,,,,,,,,,,,,,,,,,,,,,
MESH:D006008,MESH:D002239,MESH:D008661,MESH:D008659,MESH:D009750,MESH:C,MESH:D030342,MESH:D009358,,,,,,,,,,,,,,,,,,,,,,
MESH:D006009,MESH:D020140,MESH:D020739,MESH:D008661,MESH:D008659,MESH:D009750,MESH:C,MESH:D030342,MESH:D009358,MESH:D016464,MESH:D001928,MESH:D001927,MESH:D002493,MESH:D009422,MESH:D006008,MESH:D002239,,,,,,,,,,,,,,
MESH:D006073,MESH:D011686,MESH:D008661,MESH:D030342,MESH:D009358,MESH:C,MESH:D001168,MESH:D007592,MESH:D009140,MESH:D012216,MESH:D000070657,MESH:D008659,MESH:D009750,MESH:D003240,MESH:D017437,,,,,,,,,,,,,,,
MESH:D006130,MESH:D010335,MESH:D013568,MESH:C,,,,,,,,,,,,,,,,,,,,,,,,,,
MESH:D006258,MESH:D009371,MESH:D009369,MESH:C,,,,,,,,,,,,,,,,,,,,,,,,,,
MESH:D006331,MESH:D002318,MESH:C,,,,,,,,,,,,,,,,,,,,,,,,,,,
MESH:D006332,MESH:D006331,MESH:D002318,MESH:C,MESH:D006984,MESH:D020763,MESH:D013568,,,,,,,,,,,,,,,,,,,,,,,
MESH:D006333,MESH:D006331,MESH:D002318,MESH:C,,,,,,,,,,,,,,,,,,,,,,,,,,
MESH:D006394,MESH:D009383,MESH:D009370,MESH:D009369,MESH:C,MESH:D012509,MESH:D018204,,,,,,,,,,,,,,,,,,,,,,,
MESH:D006432,MESH:D008664,MESH:D008661,MESH:D008659,MESH:D009750,MESH:C,MESH:D019190,MESH:D019189,MESH:D030342,MESH:D009358,,,,,,,,,,,,,,,,,,,,
MESH:D006470,MESH:D010335,MESH:D013568,MESH:C,,,,,,,,,,,,,,,,,,,,,,,,,,
MESH:D006501,MESH:D001928,MESH:D008659,MESH:D009750,MESH:C,MESH:D001927,MESH:D002493,MESH:D009422,MESH:D017093,MESH:D048550,MESH:D008107,MESH:D004066,,,,,,,,,,,,,,,,,,
MESH:D006519,MESH:D006505,MESH:D008107,MESH:D004066,MESH:C,MESH:D008108,MESH:D020751,MESH:D019973,MESH:D019966,MESH:D001523,MESH:D064419,,,,,,,,,,,,,,,,,,,
MESH:D006526,MESH:D006525,MESH:D014777,MESH:D007239,MESH:C,MESH:D018178,MESH:D012327,MESH:D006505,MESH:D008107,MESH:D004066,MESH:D000086982,MESH:D003141,MESH:D020969,MESH:D010335,MESH:D013568,,,,,,,,,,,,,,,
MESH:D006556,MESH:D009293,MESH:D000079524,MESH:D019966,MESH:D064419,MESH:C,MESH:D001523,,,,,,,,,,,,,,,,,,,,,,,
MESH:D006689,MESH:D008223,MESH:D008232,MESH:D007160,MESH:D007154,MESH:C,MESH:D008206,MESH:D006425,MESH:D009370,MESH:D009369,,,,,,,,,,,,,,,,,,,,
MESH:D006816,MESH:D020271,MESH:D019636,MESH:D009422,MESH:C,MESH:D002819,MESH:D020820,MESH:D009069,MESH:D002493,MESH:D009461,MESH:D012816,MESH:D013568,MESH:D030342,MESH:D009358,MESH:D001480,MESH:D001927,MESH:D003704,MESH:D019965,MESH:D001523,MESH:D003072,,,,,,,,,,
MESH:D006930,MESH:D020886,MESH:D012678,MESH:D009461,MESH:D009422,MESH:C,MESH:D012816,MESH:D013568,,,,,,,,,,,,,,,,,,,,,,
MESH:D006934,MESH:D014883,MESH:D008659,MESH:D009750,MESH:C,MESH:D002128,,,,,,,,,,,,,,,,,,,,,,,,
MESH:D006937,MESH:D006949,MESH:D050171,MESH:D052439,MESH:D008659,MESH:D009750,MESH:C,,,,,,,,,,,,,,,,,,,,,,,
MESH:D006943,MESH:D044882,MESH:D008659,MESH:D009750,MESH:C,,,,,,,,,,,,,,,,,,,,,,,,,
MESH:D006949,MESH:D050171,MESH:D052439,MESH:D008659,MESH:D009750,MESH:C,,,,,,,,,,,,,,,,,,,,,,,,
MESH:D006965,MESH:D010335,MESH:D013568,MESH:C,,,,,,,,,,,,,,,,,,,,,,,,,,
MESH:D006967,MESH:D007154,MESH:C,,,,,,,,,,,,,,,,,,,,,,,,,,,
MESH:D006976,MESH:D008171,MESH:D012140,MESH:C,MESH:D006973,MESH:D014652,MESH:D002318,,,,,,,,,,,,,,,,,,,,,,,
MESH:D006984,MESH:D020763,MESH:D013568,MESH:C,,,,,,,,,,,,,,,,,,,,,,,,,,
MESH:D006996,MESH:D002128,MESH:D008659,MESH:D009750,MESH:C,MESH:D014883,,,,,,,,,,,,,,,,,,,,,,,,
MESH:D007249,MESH:D010335,MESH:D013568,MESH:C,,,,,,,,,,,,,,,,,,,,,,,,,,
MESH:D007333,MESH:D006946,MESH:D044882,MESH:D008659,MESH:D009750,MESH:C,,,,,,,,,,,,,,,,,,,,,,,,
MESH:D007340,MESH:D007516,MESH:D000236,MESH:D009375,MESH:D009370,MESH:D009369,MESH:C,MESH:D010190,MESH:D010182,MESH:D004066,MESH:D004701,MESH:D004700,MESH:D004067,MESH:D009371,,,,,,,,,,,,,,,,
MESH:D007410,MESH:D005767,MESH:D004066,MESH:C,,,,,,,,,,,,,,,,,,,,,,,,,,
MESH:D007511,MESH:D010335,MESH:D013568,MESH:C,,,,,,,,,,,,,,,,,,,,,,,,,,
MESH:D007669,MESH:D053040,MESH:D052878,MESH:D014570,MESH:D052776,MESH:D005261,MESH:D000091642,MESH:C,MESH:D014545,MESH:D052801,MESH:D007674,MESH:D002137,MESH:D020763,MESH:D013568,,,,,,,,,,,,,,,,
MESH:D007674,MESH:D014570,MESH:D052801,MESH:D000091642,MESH:C,MESH:D052776,MESH:D005261,,,,,,,,,,,,,,,,,,,,,,,
MESH:D007680,MESH:D014571,MESH:D014565,MESH:D052801,MESH:D000091642,MESH:C,MESH:D014570,MESH:D007674,MESH:D009371,MESH:D009369,MESH:D052776,MESH:D005261,,,,,,,,,,,,,,,,,,
MESH:D007690,MESH:D052177,MESH:D007674,MESH:D014570,MESH:D052801,MESH:D000091642,MESH:C,MESH:D000072661,MESH:D000015,MESH:D000013,MESH:D009358,MESH:D030342,MESH:D052776,MESH:D005261,,,,,,,,,,,,,,,,
MESH:D007859,MESH:D003147,MESH:D065886,MESH:D001523,MESH:C,MESH:D019954,MESH:D009461,MESH:D012816,MESH:D013568,MESH:D009422,,,,,,,,,,,,,,,,,,,,
MESH:D007898,MESH:D007896,MESH:D000079426,MESH:D007239,MESH:C,MESH:D012876,MESH:D012874,MESH:D012871,MESH:D017437,MESH:D056986,MESH:D011528,MESH:D010272,,,,,,,,,,,,,,,,,,
MESH:D007938,MESH:D009370,MESH:D009369,MESH:C,,,,,,,,,,,,,,,,,,,,,,,,,,
MESH:D007964,MESH:D007960,MESH:D006402,MESH:D006425,MESH:C,MESH:D010335,MESH:D013568,,,,,,,,,,,,,,,,,,,,,,,
MESH:D008103,MESH:D005355,MESH:D010335,MESH:D013568,MESH:C,MESH:D008107,MESH:D004066,,,,,,,,,,,,,,,,,,,,,,,
MESH:D008105,MESH:D002780,MESH:D002779,MESH:D001649,MESH:D001660,MESH:D004066,MESH:C,MESH:D008103,MESH:D005355,MESH:D010335,MESH:D013568,MESH:D008107,,,,,,,,,,,,,,,,,,
MESH:D008106,MESH:D008103,MESH:D005355,MESH:D010335,MESH:D013568,MESH:C,MESH:D008107,MESH:D004066,,,,,,,,,,,,,,,,,,,,,,
MESH:D008107,MESH:D004066,MESH:C,,,,,,,,,,,,,,,,,,,,,,,,,,,
MESH:D008113,MESH:D004067,MESH:D004066,MESH:C,MESH:D009371,MESH:D009369,MESH:D008107,,,,,,,,,,,,,,,,,,,,,,,
MESH:D008114,MESH:D008113,MESH:D008107,MESH:D004066,MESH:C,MESH:D004067,MESH:D009374,MESH:D009369,MESH:D009371,,,,,,,,,,,,,,,,,,,,,
MESH:D008171,MESH:D012140,MESH:C,,,,,,,,,,,,,,,,,,,,,,,,,,,
MESH:D008175,MESH:D012142,MESH:D012140,MESH:C,MESH:D008171,MESH:D013899,MESH:D009371,MESH:D009369,,,,,,,,,,,,,,,,,,,,,,
MESH:D008180,MESH:D001327,MESH:D007154,MESH:C,MESH:D003240,MESH:D017437,,,,,,,,,,,,,,,,,,,,,,,,
MESH:D008181,MESH:D005921,MESH:D009393,MESH:D007674,MESH:D014570,MESH:D000091642,MESH:C,MESH:D052801,MESH:D008180,MESH:D001327,MESH:D007154,MESH:D052776,MESH:D005261,MESH:D003240,MESH:D017437,,,,,,,,,,,,,,,
MESH:D008207,MESH:D009362,MESH:D009385,MESH:D009369,MESH:C,MESH:D010335,MESH:D013568,,,,,,,,,,,,,,,,,,,,,,,
MESH:D008223,MESH:D009370,MESH:D009369,MESH:C,MESH:D008232,MESH:D008206,MESH:D006425,MESH:D007160,MESH:D007154,,,,,,,,,,,,,,,,,,,,,
MESH:D008228,MESH:D008223,MESH:D009370,MESH:D009369,MESH:C,MESH:D008232,MESH:D007160,MESH:D007154,MESH:D008206,MESH:D006425,,,,,,,,,,,,,,,,,,,,
MESH:D008268,MESH:D012162,MESH:D015785,MESH:D030342,MESH:D009358,MESH:C,MESH:D005128,MESH:D012164,,,,,,,,,,,,,,,,,,,,,,
MESH:D008288,MESH:D000079426,MESH:D007239,MESH:C,MESH:D011528,MESH:D010272,,,,,,,,,,,,,,,,,,,,,,,,
MESH:D008325,MESH:D009374,MESH:D009369,MESH:C,MESH:D015674,MESH:D009371,MESH:D000820,,,,,,,,,,,,,,,,,,,,,,,
MESH:D008382,MESH:D030342,MESH:D009358,MESH:C,MESH:D001848,MESH:D001847,MESH:D009140,MESH:D003240,MESH:D017437,MESH:D006330,MESH:D006331,MESH:D002318,MESH:D018376,MESH:D000013,MESH:D000015,,,,,,,,,,,,,,,
MESH:D008527,MESH:D018242,MESH:D018302,MESH:D009375,MESH:D009370,MESH:D009369,MESH:C,MESH:D005910,MESH:D017599,MESH:D009373,MESH:D009380,,,,,,,,,,,,,,,,,,,
MESH:D008545,MESH:D018358,MESH:D017599,MESH:D009380,MESH:D009370,MESH:D009369,MESH:C,MESH:D018326,MESH:D009373,,,,,,,,,,,,,,,,,,,,,
MESH:D008546,MESH:D008545,MESH:D018358,MESH:D017599,MESH:D009373,MESH:D009370,MESH:D009369,MESH:C,MESH:D009374,MESH:D009380,MESH:D018326,,,,,,,,,,,,,,,,,,,
MESH:D008569,MESH:D019954,MESH:D009461,MESH:D009422,MESH:C,MESH:D012816,MESH:D013568,,,,,,,,,,,,,,,,,,,,,,,
MESH:D008654,MESH:D018301,MESH:D009375,MESH:D009370,MESH:D009369,MESH:C,MESH:D000236,,,,,,,,,,,,,,,,,,,,,,,
MESH:D008659,MESH:D009750,MESH:C,,,,,,,,,,,,,,,,,,,,,,,,,,,
MESH:D008679,MESH:D010335,MESH:D013568,MESH:C,,,,,,,,,,,,,,,,,,,,,,,,,,
MESH:D008998,MESH:D006942,MESH:D007160,MESH:D007154,MESH:C,MESH:D010265,MESH:D001796,MESH:D006402,MESH:D006425,MESH:D012816,MESH:D013568,,,,,,,,,,,,,,,,,,,
MESH:D009062,MESH:D009059,MESH:D009057,MESH:C,MESH:D006258,MESH:D009371,MESH:D009369,,,,,,,,,,,,,,,,,,,,,,,
MESH:D009101,MESH:D008232,MESH:D008206,MESH:D006425,MESH:C,MESH:D007160,MESH:D007154,MESH:D054219,MESH:D009370,MESH:D009369,MESH:D010265,MESH:D001796,MESH:D006402,MESH:D020141,MESH:D006474,MESH:D014652,MESH:D002318,,,,,,,,,,,,,
MESH:D009103,MESH:D020278,MESH:D020274,MESH:D001327,MESH:D007154,MESH:C,MESH:D009422,MESH:D003711,MESH:D056784,MESH:D001927,MESH:D002493,,,,,,,,,,,,,,,,,,,
MESH:D009133,MESH:D001284,MESH:D020763,MESH:D013568,MESH:C,MESH:D020879,MESH:D009461,MESH:D012816,MESH:D009422,,,,,,,,,,,,,,,,,,,,,
MESH:D009134,MESH:D016472,MESH:D019636,MESH:D009422,MESH:C,MESH:D013118,MESH:D002493,MESH:D009468,,,,,,,,,,,,,,,,,,,,,,
MESH:D009136,MESH:D030342,MESH:D009358,MESH:C,MESH:D020966,MESH:D009135,MESH:D009468,MESH:D009422,MESH:D009140,,,,,,,,,,,,,,,,,,,,,
MESH:D009202,MESH:D006331,MESH:D002318,MESH:C,,,,,,,,,,,,,,,,,,,,,,,,,,
MESH:D009203,MESH:D017202,MESH:D006331,MESH:D002318,MESH:C,MESH:D007238,MESH:D007511,MESH:D010335,MESH:D013568,MESH:D009336,MESH:D014652,,,,,,,,,,,,,,,,,,,
MESH:D009205,MESH:D009202,MESH:D006331,MESH:D002318,MESH:C,,,,,,,,,,,,,,,,,,,,,,,,,
MESH:D009216,MESH:D012030,MESH:D005128,MESH:C,,,,,,,,,,,,,,,,,,,,,,,,,,
MESH:D009298,MESH:D009668,MESH:D010038,MESH:C,MESH:D012140,MESH:D011127,MESH:D020763,MESH:D013568,,,,,,,,,,,,,,,,,,,,,,
MESH:D009303,MESH:D009302,MESH:D010608,MESH:D010038,MESH:C,MESH:D010610,MESH:D010039,MESH:D009057,MESH:D006258,MESH:D009371,MESH:D009369,,,,,,,,,,,,,,,,,,,
MESH:D009325,MESH:D012817,MESH:D012816,MESH:D013568,MESH:C,,,,,,,,,,,,,,,,,,,,,,,,,
MESH:D009336,MESH:D010335,MESH:D013568,MESH:C,,,,,,,,,,,,,,,,,,,,,,,,,,
MESH:D009361,MESH:D009385,MESH:D009369,MESH:C,MESH:D010335,MESH:D013568,,,,,,,,,,,,,,,,,,,,,,,,
MESH:D009362,MESH:D009385,MESH:D009369,MESH:C,MESH:D010335,MESH:D013568,,,,,,,,,,,,,,,,,,,,,,,,
MESH:D009364,MESH:D009385,MESH:D009369,MESH:C,MESH:D010335,MESH:D013568,,,,,,,,,,,,,,,,,,,,,,,,
MESH:D009369,MESH:C,,,,,,,,,,,,,,,,,,,,,,,,,,,,
MESH:D009374,MESH:D009369,MESH:C,,,,,,,,,,,,,,,,,,,,,,,,,,,
MESH:D009376,MESH:D009369,MESH:C,,,,,,,,,,,,,,,,,,,,,,,,,,,
MESH:D009395,MESH:D009393,MESH:D007674,MESH:D014570,MESH:D052801,MESH:D000091642,MESH:C,MESH:D052776,MESH:D005261,,,,,,,,,,,,,,,,,,,,,
MESH:D009397,MESH:D007674,MESH:D014570,MESH:D000091642,MESH:C,MESH:D002114,MESH:D002128,MESH:D008659,MESH:D009750,MESH:D052776,MESH:D005261,MESH:D052801,,,,,,,,,,,,,,,,,,
MESH:D009410,MESH:D010335,MESH:D013568,MESH:C,,,,,,,,,,,,,,,,,,,,,,,,,,
MESH:D009436,MESH:D009421,MESH:D009422,MESH:C,MESH:D000013,MESH:D009358,,,,,,,,,,,,,,,,,,,,,,,,
MESH:D009437,MESH:D010146,MESH:D009461,MESH:D012816,MESH:D013568,MESH:C,MESH:D010523,MESH:D009468,MESH:D009422,,,,,,,,,,,,,,,,,,,,,
MESH:D009442,MESH:D018358,MESH:D017599,MESH:D009380,MESH:D009370,MESH:D009369,MESH:C,MESH:D009373,MESH:D009463,MESH:D018317,MESH:D010524,MESH:D010523,MESH:D009468,MESH:D009422,MESH:D009423,MESH:D009371,,,,,,,,,,,,,,
MESH:D009447,MESH:D018241,MESH:D018242,MESH:D018302,MESH:D017599,MESH:D009373,MESH:D009370,MESH:D009369,MESH:C,MESH:D009380,MESH:D009375,,,,,,,,,,,,,,,,,,,
MESH:D009456,MESH:D010523,MESH:D009468,MESH:D009422,MESH:C,MESH:D017253,MESH:D020752,MESH:D004476,MESH:D000015,MESH:D000013,MESH:D009358,MESH:D012868,MESH:D012871,MESH:D017437,MESH:D020271,MESH:D019636,MESH:D012873,MESH:D009455,MESH:D018317,MESH:D009380,MESH:D009370,MESH:D009369,MESH:D010524,MESH:D009423,MESH:D030342,MESH:D009371,MESH:D009386,,,
MESH:D009503,MESH:D000380,MESH:D007970,MESH:D007960,MESH:D006402,MESH:D006425,MESH:C,,,,,,,,,,,,,,,,,,,,,,,
MESH:D009765,MESH:D050177,MESH:D001835,MESH:D012816,MESH:D013568,MESH:C,MESH:D044343,MESH:D009748,MESH:D009750,,,,,,,,,,,,,,,,,,,,,
MESH:D009837,MESH:D005910,MESH:D018302,MESH:D017599,MESH:D009373,MESH:D009370,MESH:D009369,MESH:C,MESH:D009375,MESH:D009380,,,,,,,,,,,,,,,,,,,,
MESH:D010024,MESH:D001851,MESH:D001847,MESH:D009140,MESH:C,MESH:D008659,MESH:D009750,,,,,,,,,,,,,,,,,,,,,,,
MESH:D010051,MESH:D005833,MESH:D005831,MESH:D052776,MESH:D005261,MESH:D000091642,MESH:C,MESH:D014565,MESH:D052801,MESH:D004701,MESH:D004700,MESH:D010049,MESH:D000291,MESH:D000091662,MESH:D006058,MESH:D009371,MESH:D009369,,,,,,,,,,,,,
MESH:D010146,MESH:D009461,MESH:D012816,MESH:D013568,MESH:C,MESH:D009422,,,,,,,,,,,,,,,,,,,,,,,,
MESH:D010149,MESH:D011183,MESH:D010335,MESH:D013568,MESH:C,MESH:D010146,MESH:D009461,MESH:D012816,MESH:D009422,,,,,,,,,,,,,,,,,,,,,
MESH:D010190,MESH:D004067,MESH:D009371,MESH:D009369,MESH:C,MESH:D004066,MESH:D004701,MESH:D010182,MESH:D004700,,,,,,,,,,,,,,,,,,,,,
MESH:D010195,MESH:D010182,MESH:D004066,MESH:C,,,,,,,,,,,,,,,,,,,,,,,,,,
MESH:D010212,MESH:D018307,MESH:D009375,MESH:D009370,MESH:D009369,MESH:C,,,,,,,,,,,,,,,,,,,,,,,,
MESH:D010282,MESH:D004701,MESH:D009371,MESH:D009369,MESH:C,MESH:D006258,MESH:D004700,MESH:D010279,,,,,,,,,,,,,,,,,,,,,,
MESH:D010300,MESH:D020734,MESH:D009069,MESH:D002493,MESH:D009422,MESH:C,MESH:D001480,MESH:D001927,MESH:D000080874,MESH:D019636,MESH:D057165,MESH:D008659,MESH:D009750,,,,,,,,,,,,,,,,,
MESH:D010490,MESH:D006331,MESH:D002318,MESH:C,,,,,,,,,,,,,,,,,,,,,,,,,,
MESH:D010493,MESH:D006331,MESH:D002318,MESH:C,,,,,,,,,,,,,,,,,,,,,,,,,,
MESH:D010518,MESH:D010510,MESH:D009059,MESH:D009057,MESH:C,,,,,,,,,,,,,,,,,,,,,,,,,
MESH:D010523,MESH:D009468,MESH:D009422,MESH:C,,,,,,,,,,,,,,,,,,,,,,,,,,
MESH:D010532,MESH:D004066,MESH:C,,,,,,,,,,,,,,,,,,,,,,,,,,,
MESH:D010538,MESH:D059413,MESH:D007239,MESH:C,MESH:D010532,MESH:D004066,,,,,,,,,,,,,,,,,,,,,,,,
MESH:D011014,MESH:D012141,MESH:D012140,MESH:C,MESH:D008171,MESH:D007239,,,,,,,,,,,,,,,,,,,,,,,,
MESH:D011085,MESH:D010048,MESH:D003560,MESH:D020763,MESH:D013568,MESH:C,MESH:D010049,MESH:D000291,MESH:D005831,MESH:D000091662,MESH:D000091642,MESH:D009369,MESH:D052776,MESH:D005261,MESH:D006058,MESH:D004700,,,,,,,,,,,,,,
MESH:D011125,MESH:D009386,MESH:D009369,MESH:C,MESH:D018256,MESH:D000236,MESH:D009375,MESH:D009370,MESH:D015179,MESH:D012002,MESH:D007410,MESH:D005767,MESH:D004066,MESH:D007414,MESH:D005770,MESH:D004067,MESH:D009371,MESH:D003108,MESH:D044483,MESH:D030342,MESH:D009358,,,,,,,,,
MESH:D011127,MESH:D020763,MESH:D013568,MESH:C,,,,,,,,,,,,,,,,,,,,,,,,,,
MESH:D011183,MESH:D010335,MESH:D013568,MESH:C,,,,,,,,,,,,,,,,,,,,,,,,,,
MESH:D011225,MESH:D046110,MESH:D011248,MESH:D005261,MESH:D000091642,MESH:C,MESH:D006973,MESH:D014652,MESH:D002318,,,,,,,,,,,,,,,,,,,,,
MESH:D011230,MESH:D009369,MESH:C,,,,,,,,,,,,,,,,,,,,,,,,,,,
MESH:D011371,MESH:D008661,MESH:D008659,MESH:D009750,MESH:C,MESH:D030342,MESH:D009358,MESH:D000083083,,,,,,,,,,,,,,,,,,,,,,
MESH:D011470,MESH:D011469,MESH:D005832,MESH:D052801,MESH:D000091642,MESH:C,MESH:D000091662,,,,,,,,,,,,,,,,,,,,,,,
MESH:D011471,MESH:D011469,MESH:D005832,MESH:D000091662,MESH:D000091642,MESH:C,MESH:D005834,MESH:D014565,MESH:D052801,MESH:D052776,MESH:D005261,MESH:D009371,MESH:D009369,,,,,,,,,,,,,,,,,
MESH:D011507,MESH:D014555,MESH:D014570,MESH:D000091642,MESH:C,MESH:D052801,MESH:D052776,MESH:D005261,MESH:D020924,MESH:D012816,MESH:D013568,,,,,,,,,,,,,,,,,,,
MESH:D011552,MESH:D016905,MESH:D001424,MESH:D001423,MESH:D007239,MESH:C,,,,,,,,,,,,,,,,,,,,,,,,
MESH:D011565,MESH:D017444,MESH:D012871,MESH:D017437,MESH:C,,,,,,,,,,,,,,,,,,,,,,,,,
MESH:D011605,MESH:D019966,MESH:D001523,MESH:C,MESH:D064419,MESH:D011041,MESH:D011618,MESH:D019967,,,,,,,,,,,,,,,,,,,,,,
MESH:D011618,MESH:D019967,MESH:D001523,MESH:C,,,,,,,,,,,,,,,,,,,,,,,,,,
MESH:D011658,MESH:D005355,MESH:D010335,MESH:D013568,MESH:C,MESH:D017563,MESH:D008171,MESH:D012140,,,,,,,,,,,,,,,,,,,,,,
MESH:D011832,MESH:D014947,MESH:C,,,,,,,,,,,,,,,,,,,,,,,,,,,
MESH:D012130,MESH:D012140,MESH:C,MESH:D006969,MESH:D006967,MESH:D007154,,,,,,,,,,,,,,,,,,,,,,,,
MESH:D012162,MESH:D015785,MESH:D030342,MESH:D009358,MESH:C,MESH:D005128,MESH:D012164,,,,,,,,,,,,,,,,,,,,,,,
MESH:D012220,MESH:D009668,MESH:D012140,MESH:C,MESH:D012141,MESH:D010038,MESH:D007239,,,,,,,,,,,,,,,,,,,,,,,
MESH:D012480,MESH:D004756,MESH:D016905,MESH:D001424,MESH:D001423,MESH:D007239,MESH:C,,,,,,,,,,,,,,,,,,,,,,,
MESH:D012509,MESH:D018204,MESH:D009370,MESH:D009369,MESH:C,,,,,,,,,,,,,,,,,,,,,,,,,
MESH:D012516,MESH:D012509,MESH:D018204,MESH:D009370,MESH:D009369,MESH:C,MESH:D018213,MESH:D009372,MESH:D003240,MESH:D017437,,,,,,,,,,,,,,,,,,,,
MESH:D012555,MESH:D012552,MESH:D000079426,MESH:D007239,MESH:C,MESH:D014201,MESH:D006373,MESH:D010272,,,,,,,,,,,,,,,,,,,,,,
MESH:D012559,MESH:D019967,MESH:D001523,MESH:C,,,,,,,,,,,,,,,,,,,,,,,,,,
MESH:D012640,MESH:D009461,MESH:D012816,MESH:D013568,MESH:C,MESH:D009422,,,,,,,,,,,,,,,,,,,,,,,,
MESH:D012771,MESH:D012769,MESH:D010335,MESH:D013568,MESH:C,MESH:D006470,,,,,,,,,,,,,,,,,,,,,,,,
MESH:D012772,MESH:D018746,MESH:D012769,MESH:D010335,MESH:D013568,MESH:C,MESH:D018805,MESH:D007249,MESH:D007239,,,,,,,,,,,,,,,,,,,,,
MESH:D012829,MESH:D011009,MESH:D055370,MESH:D008171,MESH:D012140,MESH:C,MESH:D017563,MESH:D009784,MESH:D013898,MESH:D014947,,,,,,,,,,,,,,,,,,,,
MESH:D012852,MESH:D012141,MESH:D007239,MESH:C,MESH:D010254,MESH:D009668,MESH:D012140,MESH:D010038,,,,,,,,,,,,,,,,,,,,,,
MESH:D012859,MESH:D001172,MESH:D001327,MESH:D007154,MESH:C,MESH:D001168,MESH:D007592,MESH:D009140,MESH:D012216,MESH:D003240,MESH:D017437,MESH:D014987,MESH:D012466,MESH:D009059,MESH:D009057,MESH:D015352,MESH:D007766,MESH:D005128,,,,,,,,,,,,
MESH:D012878,MESH:D012871,MESH:D017437,MESH:C,MESH:D009371,MESH:D009369,,,,,,,,,,,,,,,,,,,,,,,,
MESH:D013163,MESH:D006984,MESH:D020763,MESH:D013568,MESH:C,,,,,,,,,,,,,,,,,,,,,,,,,
MESH:D013203,MESH:D016908,MESH:D001424,MESH:D001423,MESH:D007239,MESH:C,,,,,,,,,,,,,,,,,,,,,,,,
MESH:D013226,MESH:D012640,MESH:D009461,MESH:D012816,MESH:D013568,MESH:C,MESH:D009422,,,,,,,,,,,,,,,,,,,,,,,
MESH:D013272,MESH:D005767,MESH:D004066,MESH:C,,,,,,,,,,,,,,,,,,,,,,,,,,
MESH:D013274,MESH:D013272,MESH:D005767,MESH:D004066,MESH:C,MESH:D005770,MESH:D004067,MESH:D009371,MESH:D009369,,,,,,,,,,,,,,,,,,,,,
MESH:D013345,MESH:D020300,MESH:D002561,MESH:D001927,MESH:D002493,MESH:D009422,MESH:C,MESH:D014652,MESH:D002318,MESH:D006470,MESH:D010335,MESH:D013568,,,,,,,,,,,,,,,,,,
MESH:D013927,MESH:D016769,MESH:D014652,MESH:D002318,MESH:C,,,,,,,,,,,,,,,,,,,,,,,,,
MESH:D014277,MESH:D020433,MESH:D005156,MESH:D005155,MESH:D003389,MESH:D009422,MESH:C,MESH:D009059,MESH:D009057,,,,,,,,,,,,,,,,,,,,,
MESH:D014456,MESH:D010335,MESH:D013568,MESH:C,,,,,,,,,,,,,,,,,,,,,,,,,,
MESH:D014511,MESH:D007674,MESH:D014570,MESH:D052776,MESH:D005261,MESH:D000091642,MESH:C,MESH:D052801,,,,,,,,,,,,,,,,,,,,,,
MESH:D014516,MESH:D014571,MESH:D014565,MESH:D009371,MESH:D009369,MESH:C,MESH:D014515,MESH:D014570,MESH:D000091642,MESH:D052801,MESH:D052776,MESH:D005261,,,,,,,,,,,,,,,,,,
MESH:D014517,MESH:D014515,MESH:D014570,MESH:D052776,MESH:D005261,MESH:D000091642,MESH:C,MESH:D052801,,,,,,,,,,,,,,,,,,,,,,
MESH:D014594,MESH:D005833,MESH:D005831,MESH:D000091662,MESH:D000091642,MESH:C,MESH:D014565,MESH:D009371,MESH:D009369,MESH:D052776,MESH:D005261,MESH:D014591,MESH:D052801,,,,,,,,,,,,,,,,,
MESH:D014605,MESH:D014603,MESH:D005128,MESH:C,,,,,,,,,,,,,,,,,,,,,,,,,,
MESH:D014652,MESH:D002318,MESH:C,,,,,,,,,,,,,,,,,,,,,,,,,,,
MESH:D014657,MESH:D014652,MESH:D002318,MESH:C,,,,,,,,,,,,,,,,,,,,,,,,,,
MESH:D014808,MESH:D001361,MESH:D003677,MESH:D044342,MESH:D009748,MESH:D009750,MESH:C,,,,,,,,,,,,,,,,,,,,,,,
MESH:D014813,MESH:D001778,MESH:D006402,MESH:D006425,MESH:C,MESH:D006474,MESH:D001361,MESH:D003677,MESH:D044342,MESH:D009748,MESH:D009750,,,,,,,,,,,,,,,,,,,
MESH:D014820,MESH:D017496,MESH:D010859,MESH:D012871,MESH:D017437,MESH:C,MESH:D010335,MESH:D013568,,,,,,,,,,,,,,,,,,,,,,
MESH:D014839,MESH:D012817,MESH:D012816,MESH:D013568,MESH:C,,,,,,,,,,,,,,,,,,,,,,,,,
MESH:D015179,MESH:D007414,MESH:D005770,MESH:D004067,MESH:D009371,MESH:D009369,MESH:C,MESH:D005767,MESH:D004066,MESH:D003108,MESH:D007410,MESH:D012002,,,,,,,,,,,,,,,,,,
MESH:D015210,MESH:D006073,MESH:D011686,MESH:D008661,MESH:D008659,MESH:D009750,MESH:C,MESH:D030342,MESH:D009358,MESH:D001168,MESH:D007592,MESH:D009140,MESH:D012216,MESH:D003240,MESH:D017437,MESH:D000070657,,,,,,,,,,,,,,
MESH:D015212,MESH:D007410,MESH:D005767,MESH:D004066,MESH:C,MESH:D005759,,,,,,,,,,,,,,,,,,,,,,,,
MESH:D015228,MESH:D006949,MESH:D050171,MESH:D052439,MESH:D008659,MESH:D009750,MESH:C,,,,,,,,,,,,,,,,,,,,,,,
MESH:D015427,MESH:D014652,MESH:D002318,MESH:C,MESH:D011183,MESH:D010335,MESH:D013568,,,,,,,,,,,,,,,,,,,,,,,
MESH:D015428,MESH:D015427,MESH:D011183,MESH:D010335,MESH:D013568,MESH:C,MESH:D009202,MESH:D006331,MESH:D002318,MESH:D014652,MESH:D017202,,,,,,,,,,,,,,,,,,,
MESH:D015430,MESH:D001836,MESH:D001835,MESH:D012816,MESH:D013568,MESH:C,,,,,,,,,,,,,,,,,,,,,,,,
MESH:D015473,MESH:D015470,MESH:D007951,MESH:D007938,MESH:D009370,MESH:D009369,MESH:C,,,,,,,,,,,,,,,,,,,,,,,
MESH:D015658,MESH:D000086982,MESH:D003141,MESH:D007239,MESH:C,MESH:D020969,MESH:D010335,MESH:D013568,MESH:D015229,MESH:D012749,MESH:D014777,MESH:D007153,MESH:D007154,MESH:D000091662,MESH:D000091642,MESH:D016180,MESH:D012192,MESH:D012327,,,,,,,,,,,,
MESH:D015663,MESH:D010024,MESH:D001851,MESH:D001847,MESH:D009140,MESH:C,MESH:D008659,MESH:D009750,,,,,,,,,,,,,,,,,,,,,,
MESH:D015746,MESH:D010146,MESH:D009461,MESH:D012816,MESH:D013568,MESH:C,MESH:D009422,MESH:D012817,,,,,,,,,,,,,,,,,,,,,,
MESH:D015837,MESH:D007759,MESH:D004427,MESH:D010038,MESH:C,,,,,,,,,,,,,,,,,,,,,,,,,
MESH:D016301,MESH:D001862,MESH:D001847,MESH:D009140,MESH:C,MESH:D055093,MESH:D010510,MESH:D009059,MESH:D009057,,,,,,,,,,,,,,,,,,,,,
MESH:D016410,MESH:D016399,MESH:D008228,MESH:D008223,MESH:D008232,MESH:D008206,MESH:D006425,MESH:C,MESH:D007160,MESH:D007154,MESH:D009370,MESH:D009369,,,,,,,,,,,,,,,,,,
MESH:D016471,MESH:D010049,MESH:D006058,MESH:D004700,MESH:C,MESH:D000291,MESH:D005831,MESH:D052776,MESH:D005261,MESH:D000091642,MESH:D000091662,,,,,,,,,,,,,,,,,,,
MESH:D016510,MESH:D003316,MESH:D005128,MESH:C,MESH:D009389,MESH:D008679,MESH:D010335,MESH:D013568,,,,,,,,,,,,,,,,,,,,,,
MESH:D016535,MESH:D001982,MESH:D012140,MESH:C,,,,,,,,,,,,,,,,,,,,,,,,,,
MESH:D016657,MESH:D000686,MESH:D057165,MESH:D008659,MESH:D009750,MESH:C,MESH:D002539,MESH:D020765,MESH:D002561,MESH:D014652,MESH:D002318,MESH:D001927,MESH:D002493,MESH:D009422,,,,,,,,,,,,,,,,
MESH:D016778,MESH:D008288,MESH:D011528,MESH:D010272,MESH:D007239,MESH:C,MESH:D000079426,,,,,,,,,,,,,,,,,,,,,,,
MESH:D016780,MESH:D008288,MESH:D000079426,MESH:D007239,MESH:C,MESH:D011528,MESH:D010272,,,,,,,,,,,,,,,,,,,,,,,
MESH:D016889,MESH:D014594,MESH:D005833,MESH:D014565,MESH:D000091642,MESH:C,MESH:D005831,MESH:D000091662,MESH:D052801,MESH:D052776,MESH:D005261,MESH:D014591,MESH:D009371,MESH:D009369,,,,,,,,,,,,,,,,
MESH:D016891,MESH:D007690,MESH:D052177,MESH:D007674,MESH:D014570,MESH:D052776,MESH:D005261,MESH:D000091642,MESH:C,MESH:D000072661,MESH:D030342,MESH:D009358,MESH:D000015,MESH:D000013,MESH:D052801,,,,,,,,,,,,,,,
MESH:D016893,MESH:D002340,MESH:D002561,MESH:D001927,MESH:D002493,MESH:D009422,MESH:C,MESH:D014652,MESH:D002318,MESH:D001157,,,,,,,,,,,,,,,,,,,,
MESH:D017114,MESH:D017093,MESH:D048550,MESH:D008107,MESH:D004066,MESH:C,,,,,,,,,,,,,,,,,,,,,,,,
MESH:D017202,MESH:D014652,MESH:D002318,MESH:C,MESH:D006331,,,,,,,,,,,,,,,,,,,,,,,,,
MESH:D017379,MESH:D006332,MESH:D006984,MESH:D020763,MESH:D013568,MESH:C,MESH:D006331,MESH:D002318,,,,,,,,,,,,,,,,,,,,,,
MESH:D017439,MESH:D002921,MESH:D005355,MESH:D010335,MESH:D013568,MESH:C,,,,,,,,,,,,,,,,,,,,,,,,
MESH:D017544,MESH:D001014,MESH:D001018,MESH:D014652,MESH:D002318,MESH:C,MESH:D000783,,,,,,,,,,,,,,,,,,,,,,,
MESH:D017676,MESH:D008010,MESH:D017512,MESH:D017444,MESH:D012871,MESH:D017437,MESH:C,MESH:D009059,MESH:D009057,,,,,,,,,,,,,,,,,,,,,
MESH:D017827,MESH:D020754,MESH:D002524,MESH:D001259,MESH:D020820,MESH:D009069,MESH:D002493,MESH:D009422,MESH:C,MESH:D013132,MESH:D020271,MESH:D019636,MESH:D009461,MESH:D002526,MESH:D001927,MESH:D030342,MESH:D009358,MESH:D012816,MESH:D013568,MESH:D013118,,,,,,,,,,
MESH:D018268,MESH:D000306,MESH:D000310,MESH:D004701,MESH:D004700,MESH:C,MESH:D000230,MESH:D002277,MESH:D009375,MESH:D009370,MESH:D009369,MESH:D000303,MESH:D000307,MESH:D009371,,,,,,,,,,,,,,,,
MESH:D018281,MESH:D000230,MESH:D002277,MESH:D009375,MESH:D009370,MESH:D009369,MESH:C,,,,,,,,,,,,,,,,,,,,,,,
MESH:D018284,MESH:D003536,MESH:D000230,MESH:D002277,MESH:D009375,MESH:D009370,MESH:D009369,MESH:C,MESH:D018297,,,,,,,,,,,,,,,,,,,,,
MESH:D018357,MESH:D018186,MESH:D018184,MESH:D018701,MESH:D012327,MESH:D014777,MESH:D007239,MESH:C,,,,,,,,,,,,,,,,,,,,,,
MESH:D018487,MESH:D018754,MESH:D006331,MESH:D002318,MESH:C,,,,,,,,,,,,,,,,,,,,,,,,,
MESH:D018512,MESH:D010272,MESH:D007239,MESH:C,MESH:D018805,MESH:D018746,MESH:D012769,MESH:D010335,MESH:D013568,MESH:D007249,,,,,,,,,,,,,,,,,,,,
MESH:D018589,MESH:D010243,MESH:D009461,MESH:D012816,MESH:D013568,MESH:C,MESH:D009422,MESH:D013272,MESH:D005767,MESH:D004066,,,,,,,,,,,,,,,,,,,,
MESH:D018754,MESH:D006331,MESH:D002318,MESH:C,,,,,,,,,,,,,,,,,,,,,,,,,,
MESH:D018771,MESH:D010146,MESH:D009461,MESH:D012816,MESH:D013568,MESH:C,MESH:D009422,MESH:D007592,MESH:D009140,,,,,,,,,,,,,,,,,,,,,
MESH:D018805,MESH:D007239,MESH:C,MESH:D018746,MESH:D007249,MESH:D010335,MESH:D013568,MESH:D012769,,,,,,,,,,,,,,,,,,,,,,
MESH:D018827,MESH:D002277,MESH:D009375,MESH:D009370,MESH:D009369,MESH:C,MESH:D009374,,,,,,,,,,,,,,,,,,,,,,,
MESH:D018856,MESH:D003556,MESH:D001745,MESH:D014570,MESH:D000091642,MESH:C,MESH:D052801,MESH:D052776,MESH:D005261,,,,,,,,,,,,,,,,,,,,,
MESH:D018908,MESH:D020879,MESH:D009461,MESH:D009422,MESH:C,MESH:D012816,MESH:D013568,MESH:D010335,MESH:D009135,MESH:D009468,MESH:D009140,,,,,,,,,,,,,,,,,,,
MESH:D019190,MESH:D019189,MESH:D008659,MESH:D009750,MESH:C,,,,,,,,,,,,,,,,,,,,,,,,,
MESH:D019446,MESH:D016470,MESH:D001424,MESH:D001423,MESH:D007239,MESH:C,MESH:D018805,MESH:D018746,MESH:D007249,MESH:D010335,MESH:D013568,MESH:D012769,MESH:D014115,,,,,,,,,,,,,,,,,
MESH:D019636,MESH:D009422,MESH:C,,,,,,,,,,,,,,,,,,,,,,,,,,,
MESH:D019694,MESH:D006521,MESH:D002908,MESH:D020969,MESH:D010335,MESH:D013568,MESH:C,MESH:D006509,MESH:D006525,MESH:D014777,MESH:D007239,MESH:D006505,MESH:D008107,MESH:D004066,MESH:D000086982,MESH:D003141,MESH:D018347,MESH:D004266,,,,,,,,,,,,
MESH:D019698,MESH:D006521,MESH:D002908,MESH:D020969,MESH:D010335,MESH:D013568,MESH:C,MESH:D006526,MESH:D006525,MESH:D014777,MESH:D007239,MESH:D018178,MESH:D012327,MESH:D006505,MESH:D008107,MESH:D004066,MESH:D000086982,MESH:D003141,,,,,,,,,,,,
MESH:D019867,MESH:D001327,MESH:D007154,MESH:C,MESH:D017563,MESH:D008171,MESH:D012140,MESH:D005921,MESH:D009393,MESH:D007674,MESH:D014570,MESH:D052776,MESH:D005261,MESH:D000091642,MESH:D052801,,,,,,,,,,,,,,,
MESH:D019970,MESH:D019966,MESH:D001523,MESH:C,MESH:D064419,,,,,,,,,,,,,,,,,,,,,,,,,
MESH:D020031,MESH:D006566,MESH:D004266,MESH:D014777,MESH:D007239,MESH:C,MESH:D014412,,,,,,,,,,,,,,,,,,,,,,,
MESH:D020181,MESH:D012891,MESH:D001049,MESH:D012818,MESH:D012816,MESH:D013568,MESH:C,MESH:D020919,MESH:D020920,MESH:D012893,MESH:D009461,MESH:D009422,MESH:D001523,MESH:D012120,MESH:D012140,,,,,,,,,,,,,,,
MESH:D020244,MESH:D002544,MESH:D020520,MESH:D020521,MESH:D002561,MESH:D001927,MESH:D002493,MESH:D009422,MESH:C,MESH:D002545,MESH:D007238,MESH:D009336,MESH:D010335,MESH:D013568,MESH:D002539,MESH:D020765,MESH:D014652,MESH:D002318,MESH:D007511,,,,,,,,,,,
MESH:D020257,MESH:D020763,MESH:D013568,MESH:C,,,,,,,,,,,,,,,,,,,,,,,,,,
MESH:D020258,MESH:D011041,MESH:D064419,MESH:C,MESH:D009422,,,,,,,,,,,,,,,,,,,,,,,,,
MESH:D020300,MESH:D002561,MESH:D001927,MESH:D002493,MESH:D009422,MESH:C,MESH:D014652,MESH:D002318,MESH:D006470,MESH:D010335,MESH:D013568,,,,,,,,,,,,,,,,,,,
MESH:D020370,MESH:D010003,MESH:D012216,MESH:D009140,MESH:C,MESH:D003240,MESH:D017437,MESH:D001168,MESH:D007592,,,,,,,,,,,,,,,,,,,,,
MESH:D020388,MESH:D040181,MESH:D030342,MESH:D009358,MESH:C,MESH:D009136,MESH:D020966,MESH:D009135,MESH:D009468,MESH:D009422,MESH:D009140,,,,,,,,,,,,,,,,,,,
MESH:D020426,MESH:D020422,MESH:D010523,MESH:D009468,MESH:D009422,MESH:C,,,,,,,,,,,,,,,,,,,,,,,,
MESH:D020520,MESH:D002545,MESH:D002561,MESH:D014652,MESH:D002318,MESH:C,MESH:D001927,MESH:D002493,MESH:D009422,MESH:D020521,MESH:D007238,MESH:D007511,MESH:D010335,MESH:D013568,MESH:D009336,,,,,,,,,,,,,,,
MESH:D020529,MESH:D009103,MESH:D020278,MESH:D056784,MESH:D001927,MESH:D002493,MESH:D009422,MESH:C,MESH:D003711,MESH:D020274,MESH:D001327,MESH:D007154,,,,,,,,,,,,,,,,,,
MESH:D020734,MESH:D009069,MESH:D002493,MESH:D009422,MESH:C,MESH:D001480,MESH:D001927,,,,,,,,,,,,,,,,,,,,,,,
MESH:D020795,MESH:D014786,MESH:D012678,MESH:D009461,MESH:D009422,MESH:C,MESH:D005128,MESH:D012816,MESH:D013568,,,,,,,,,,,,,,,,,,,,,
MESH:D020925,MESH:D002534,MESH:D001927,MESH:D002493,MESH:D009422,MESH:C,MESH:D002545,MESH:D002561,MESH:D014652,MESH:D002318,MESH:D000860,MESH:D012818,MESH:D012816,MESH:D013568,,,,,,,,,,,,,,,,
MESH:D021441,MESH:D044584,MESH:D018299,MESH:D009375,MESH:D009370,MESH:D009369,MESH:C,MESH:D010190,MESH:D010182,MESH:D004066,MESH:D004067,MESH:D009371,MESH:D004701,MESH:D004700,MESH:D000230,MESH:D002277,,,,,,,,,,,,,,
MESH:D028361,MESH:D008659,MESH:D009750,MESH:C,,,,,,,,,,,,,,,,,,,,,,,,,,
MESH:D043183,MESH:D003109,MESH:D003108,MESH:D007410,MESH:D005767,MESH:D004066,MESH:C,,,,,,,,,,,,,,,,,,,,,,,
MESH:D044342,MESH:D009748,MESH:D009750,MESH:C,,,,,,,,,,,,,,,,,,,,,,,,,,
MESH:D044882,MESH:D008659,MESH:D009750,MESH:C,,,,,,,,,,,,,,,,,,,,,,,,,,
MESH:D046729,MESH:D046728,MESH:D003092,MESH:D005759,MESH:D005767,MESH:D004066,MESH:C,MESH:D003108,MESH:D007410,,,,,,,,,,,,,,,,,,,,,
MESH:D047928,MESH:D007752,MESH:D007744,MESH:D011248,MESH:D005261,MESH:D000091642,MESH:C,,,,,,,,,,,,,,,,,,,,,,,
MESH:D048629,MESH:D002869,MESH:D010335,MESH:D013568,MESH:C,,,,,,,,,,,,,,,,,,,,,,,,,
MESH:D050171,MESH:D052439,MESH:D008659,MESH:D009750,MESH:C,,,,,,,,,,,,,,,,,,,,,,,,,
MESH:D050197,MESH:D001161,MESH:D001157,MESH:D014652,MESH:D002318,MESH:C,,,,,,,,,,,,,,,,,,,,,,,,
MESH:D050500,MESH:D002908,MESH:D020969,MESH:D010335,MESH:D013568,MESH:C,MESH:D010195,MESH:D010182,MESH:D004066,,,,,,,,,,,,,,,,,,,,,
MESH:D051437,MESH:D007674,MESH:D014570,MESH:D052801,MESH:D000091642,MESH:C,MESH:D052776,MESH:D005261,,,,,,,,,,,,,,,,,,,,,,
MESH:D053040,MESH:D007674,MESH:D014570,MESH:D052776,MESH:D005261,MESH:D000091642,MESH:C,MESH:D052878,MESH:D052801,,,,,,,,,,,,,,,,,,,,,
MESH:D053201,MESH:D059411,MESH:D020924,MESH:D012816,MESH:D013568,MESH:C,MESH:D001745,MESH:D014570,MESH:D000091642,MESH:D052801,MESH:D052776,MESH:D005261,,,,,,,,,,,,,,,,,,
MESH:D053627,MESH:D007248,MESH:D005832,MESH:D000091662,MESH:D000091642,MESH:C,MESH:D007246,MESH:D052801,,,,,,,,,,,,,,,,,,,,,,
MESH:D054058,MESH:D017202,MESH:D014652,MESH:D002318,MESH:C,MESH:D006331,,,,,,,,,,,,,,,,,,,,,,,,
MESH:D054069,MESH:D000592,MESH:D008661,MESH:D030342,MESH:D009358,MESH:C,MESH:D028361,MESH:D008659,MESH:D009750,,,,,,,,,,,,,,,,,,,,,
MESH:D054144,MESH:D006333,MESH:D006331,MESH:D002318,MESH:C,,,,,,,,,,,,,,,,,,,,,,,,,
MESH:D054218,MESH:D054198,MESH:D007945,MESH:D007938,MESH:D009370,MESH:D009369,MESH:C,MESH:D008232,MESH:D008206,MESH:D006425,MESH:D007160,MESH:D007154,,,,,,,,,,,,,,,,,,
MESH:D054391,MESH:D016399,MESH:D008228,MESH:D008223,MESH:D009370,MESH:D009369,MESH:C,MESH:D008232,MESH:D007160,MESH:D007154,MESH:D008206,MESH:D006425,,,,,,,,,,,,,,,,,,
MESH:D054685,MESH:D016393,MESH:D008228,MESH:D008223,MESH:D009370,MESH:D009369,MESH:C,MESH:D008232,MESH:D008206,MESH:D006425,MESH:D007160,MESH:D007154,,,,,,,,,,,,,,,,,,
MESH:D054990,MESH:D011658,MESH:D005355,MESH:D010335,MESH:D013568,MESH:C,MESH:D017563,MESH:D008171,MESH:D012140,,,,,,,,,,,,,,,,,,,,,
MESH:D055370,MESH:D008171,MESH:D012140,MESH:C,MESH:D013898,MESH:D014947,,,,,,,,,,,,,,,,,,,,,,,,
MESH:D055371,MESH:D055370,MESH:D008171,MESH:D012140,MESH:C,MESH:D013898,MESH:D014947,,,,,,,,,,,,,,,,,,,,,,,
MESH:D055959,MESH:D013122,MESH:D001847,MESH:D009140,MESH:C,,,,,,,,,,,,,,,,,,,,,,,,,
MESH:D056486,MESH:D011041,MESH:D064419,MESH:C,MESH:D008107,MESH:D004066,MESH:D064420,,,,,,,,,,,,,,,,,,,,,,,
MESH:D058065,MESH:D048909,MESH:D003920,MESH:D004700,MESH:C,MESH:D009202,MESH:D006331,MESH:D002318,MESH:D044882,MESH:D008659,MESH:D009750,,,,,,,,,,,,,,,,,,,
MESH:D058186,MESH:D051437,MESH:D007674,MESH:D014570,MESH:D052776,MESH:D005261,MESH:D000091642,MESH:C,MESH:D052801,,,,,,,,,,,,,,,,,,,,,
MESH:D058225,MESH:D020763,MESH:D013568,MESH:C,,,,,,,,,,,,,,,,,,,,,,,,,,
MESH:D058226,MESH:D020763,MESH:D013568,MESH:C,,,,,,,,,,,,,,,,,,,,,,,,,,
MESH:D058426,MESH:D010335,MESH:D013568,MESH:C,,,,,,,,,,,,,,,,,,,,,,,,,,
MESH:D058866,MESH:D050723,MESH:D014947,MESH:C,,,,,,,,,,,,,,,,,,,,,,,,,,
MESH:D059350,MESH:D010146,MESH:D009461,MESH:D009422,MESH:C,MESH:D012816,MESH:D013568,,,,,,,,,,,,,,,,,,,,,,,
MESH:D059445,MESH:D019954,MESH:D009461,MESH:D012816,MESH:D013568,MESH:C,MESH:D009422,,,,,,,,,,,,,,,,,,,,,,,
MESH:D060085,MESH:D007239,MESH:C,,,,,,,,,,,,,,,,,,,,,,,,,,,
MESH:D061205,MESH:D002114,MESH:D002128,MESH:D008659,MESH:D009750,MESH:C,,,,,,,,,,,,,,,,,,,,,,,,
MESH:D063646,MESH:D009385,MESH:D010335,MESH:D013568,MESH:C,MESH:D009369,,,,,,,,,,,,,,,,,,,,,,,,
MESH:D063647,MESH:D020751,MESH:D019973,MESH:D019966,MESH:D001523,MESH:C,MESH:D005315,MESH:D009358,MESH:D064419,MESH:D011248,MESH:D005261,MESH:D000091642,,,,,,,,,,,,,,,,,,
MESH:D063766,MESH:D009765,MESH:D050177,MESH:D001835,MESH:D012816,MESH:D013568,MESH:C,MESH:D044343,MESH:D009748,MESH:D009750,,,,,,,,,,,,,,,,,,,,
MESH:D064129,MESH:D011471,MESH:D011469,MESH:D005832,MESH:D000091662,MESH:D000091642,MESH:C,MESH:D005834,MESH:D014565,MESH:D052801,MESH:D009371,MESH:D009369,MESH:D052776,MESH:D005261,,,,,,,,,,,,,,,,
MESH:D064726,MESH:D001943,MESH:D009371,MESH:D009369,MESH:C,MESH:D001941,MESH:D012871,MESH:D017437,,,,,,,,,,,,,,,,,,,,,,
MESH:D065626,MESH:D005234,MESH:D008107,MESH:D004066,MESH:C,,,,,,,,,,,,,,,,,,,,,,,,,
MESH:D066126,MESH:D006331,MESH:D002318,MESH:C,MESH:D010335,MESH:D013568,MESH:D011832,MESH:D014947,MESH:D064420,MESH:D064419,,,,,,,,,,,,,,,,,,,,
